rule_id,rule,category,status,evidence,keywords_found,analysis,gap_analysis,cross_reference,final_reasoning,source,workflow_steps,workflow_log
R001,Contract must specify termination notice period,Termination,NON-COMPLIANT,"shall require longer notice periods than those set forth above, this Agreement is deemed amended to satisfy the minimum notice periods or
restrictions upon such termination required by such laws and regulations; provided, however, that such constructive amendment shall not be
deemed a concession by us that the grounds for termination set forth in this Agreement do not constitute “good cause“ for t

the relevant Party of a Notice of termination from the other Party, or any other period to be gran","{'termination': True, 'notice period': True, 'days notice': True}","The evidence provided suggests that the contract does not comply with the rule. The contract requires shorter notice periods than those set forth above, which is not a concession by the contracting parties that the grounds for termination set forth in the agreement do not constitute ""good cause"" for termination. The relevant Party of a notice of termination from the other Party or any other period",No gaps - contract is compliant,"shall require longer notice periods than those set forth above, this Agreement is deemed amended to satisfy the minimum notice periods or
restrictions upon such termination required by such laws and r
agents..
6. TERM AND TERMINATION 
6.1 Term. The term of this Agreement shall continue for a period ","Based on the evidence provided, the contract does not comply with the rule as it requires longer notice periods than those set forth above. The contract requires shorter notice periods than those set forth above, which is not a concession by the contracting parties that the grounds for termination set forth in the agreement do not constitute ""good cause."" Therefore, the contract is deemed non-comp",/kaggle/input/contract-understanding-atticus-dataset-cuad/CUAD_v1/full_contract_pdf/Part_I/Franchise/SoupmanInc_20150814_8-K_EX-10.1_9230148_EX-10.1_Franchise Agreement1.pdf,6,Step 1: Initial search for relevant sections -> Step 2: Keyword verification -> Step 3: Deep analysis of evidence -> Step 4: Gap analysis -> Step 5: Cross-reference check -> Step 6: Final determination
R002,Contract must define confidentiality obligations,Confidentiality,NON-COMPLIANT,"13. CONFIDENTIALITY
(a) Obligation:
Each Party acknowledges that all Confidential Information consists of confidential and proprietary information of the disclosing Party.
Each Party shall, and shall cause its employees, agents and contractors to hold Confidential Information of the other Party in confidence,
and shall use the same degree of care by instruction, agreement or otherwise, to maintain

confidentiality  obligation shall, however, not be applied to material
          and  information,","{'confidential': True, 'confidentiality': True, 'non-disclosure': True}","Based on the evidence provided, the contract does not clearly define the confidentiality obligations. The contract only mentions that each party acknowledges that all Confidential Information consists of confidential and proprietary information of the disclosing party. However, it does not specify the level of care that should be taken to maintain confidentiality. Therefore, the contract is not co",No gaps - contract is compliant,"13. CONFIDENTIALITY
(a) Obligation:
Each Party acknowledges that all Confidential Information consists of confidential and proprietary information of the disclosing Party.
Each Party shall, and shall 
ability to perform following the event of Force Majeure and the longer term agreements or other arr","Based on the evidence provided, the contract does not clearly define the confidentiality obligations. The contract only mentions that each party acknowledges that all Confidential Information consists of confidential and proprietary information of the disclosing party. However, it does not specify the specific terms of the confidentiality obligations. Therefore, the contract is non-compliant with ",/kaggle/input/contract-understanding-atticus-dataset-cuad/CUAD_v1/full_contract_pdf/Part_I/Reseller/EhaveInc_20190515_20-F_EX-4.44_11678816_EX-4.44_License Agreement_ Reseller Agreement.pdf,6,Step 1: Initial search for relevant sections -> Step 2: Keyword verification -> Step 3: Deep analysis of evidence -> Step 4: Gap analysis -> Step 5: Cross-reference check -> Step 6: Final determination
R003,Contract must include limitation of liability clause,Liability,NON-COMPLIANT,"13. Limitation of Liability. EXCEPT IN THE EVENT OF A BREACH OF SECTION 8 (CONFIDENTIALITY) OR LIABILITY ARISING UNDER A PARTY’S INDEMNIFICATION OBLIGATIONS UNDER SECTION 12, IN NO EVENT SHALL EITHER PARTY BE LIABLE FOR ANY INDIRECT, SPECIAL, INCIDENTAL, PUNITIVE OR CONSEQUENTIAL DAMAGES ARISING OUT OF OR IN ANY WAY CONNECTED WITH THIS AGREEMENT OR ANY MATTER RELATED HERETO, INCLUDING WITHOUT LIMI

10. LIMITATIONS OF LIABILITY.
 
10.1 EXCEPT FOR EITHER PARTY’S VIOLATION OF THE CONFIDENTIALITY OB","{'liability': True, 'limitation': True, 'damages': True}","Based on the evidence provided, the contract does not include a limitation of liability clause. Therefore, it is not COMPLIANT.",No gaps - contract is compliant,"13. Limitation of Liability. EXCEPT IN THE EVENT OF A BREACH OF SECTION 8 (CONFIDENTIALITY) OR LIABILITY ARISING UNDER A PARTY’S INDEMNIFICATION OBLIGATIONS UNDER SECTION 12, IN NO EVENT SHALL EITHER 
10. LIMITATIONS OF LIABILITY.
 
10.1 EXCEPT FOR EITHER PARTY’S VIOLATION OF THE CONFIDENTIALITY OBL","Based on the evidence provided, the contract does not include a limitation of liability clause. Therefore, it is not COMPLIANT.",/kaggle/input/contract-understanding-atticus-dataset-cuad/CUAD_v1/full_contract_pdf/Part_I/License_Agreements/PlayboyEnterprisesInc_20090220_10-QA_EX-10.2_4091580_EX-10.2_Content License Agreement_ Marketing Agreement_ Sales-Purchase Agreement1.pdf,6,Step 1: Initial search for relevant sections -> Step 2: Keyword verification -> Step 3: Deep analysis of evidence -> Step 4: Gap analysis -> Step 5: Cross-reference check -> Step 6: Final determination
R004,Contract must specify governing law and jurisdiction,Legal,NON-COMPLIANT,"Section 14.7 Dispute Resolution.   (a) Governing Law. This Agreement shall be binding on the Parties as of the date hereof and is to be construed in accordance with and governed by the internal laws of the State of Delaware without giving effect to any choice of law rule that would cause the application of the laws of any jurisdiction other than the internal laws of the State of Delaware to the ri

15.9 Governing Law. The construction and validity of this Agreement and the provisions hereof, and","{'governing law': True, 'jurisdiction': True, 'dispute resolution': True}","Yes, the contract is COMPLIANT as it complies with the rule that governs the governing law and jurisdiction. The section states that the contract is to be construed in accordance with and governed by the internal laws of the State of Delaware without giving effect to any choice of law rule that would cause the application of the laws of any jurisdiction other than the internal laws of the State of",No gaps - contract is compliant,"have sole and exclusive jurisdiction over any suit or other proceeding arising out of or based upon this Agreement, (ii) submits to
the venue and jurisdiction of such courts, and (iii) irrevocably con
17.3 Governing Law and Venue.
(a) This Agreement and all Actions (whether in contract or tort) that",The final answer is COMPLIANT.,/kaggle/input/contract-understanding-atticus-dataset-cuad/CUAD_v1/full_contract_pdf/Part_I/Affiliate_Agreements/DigitalCinemaDestinationsCorp_20111220_S-1_EX-10.10_7346719_EX-10.10_Affiliate Agreement.pdf,6,Step 1: Initial search for relevant sections -> Step 2: Keyword verification -> Step 3: Deep analysis of evidence -> Step 4: Gap analysis -> Step 5: Cross-reference check -> Step 6: Final determination
R005,Contract must define intellectual property rights,IP Rights,NON-COMPLIANT,"identifiers, handles and tags.
“Intellectual Property Assignment Agreements ” has the meaning set forth in Section 2.01.
“Intellectual Property Rights ” or “IPR” means any and all intellectual property rights existing anywhere in the world associated with any and all (i)
Patents, (ii) Trademarks, (iii) Copyrights, (iv) Domain Names, (v) rights in Technology, (vi) rights in Trade Secrets, (vii) rig

Article X.
INTELLECTUAL PROPERTY RIGHTS
10.1 Ownership.
(a) [***] Each Party shall ensure that eve","{'intellectual property': True, 'IP': True, 'ownership': True, 'patent': True, 'copyright': True}","The contract is not compliant with the rule as it does not define the intellectual property rights. The identifiers, handles, and tags mentioned in the contract do not provide a clear definition of intellectual property rights. Therefore, the contract does not meet the rule's requirement of defining intellectual property rights.",No gaps - contract is compliant,"identifiers, handles and tags.
“Intellectual Property Assignment Agreements ” has the meaning set forth in Section 2.01.
“Intellectual Property Rights ” or “IPR” means any and all intellectual propert
“Intellectual Property” means any property, tangible or intangible, that may be subject to Intellec","The contract is compliant with the rule as it defines the intellectual property rights. The identifiers, handles, and tags mentioned in the contract do provide a clear definition of intellectual property rights. Therefore, the contract meets the rule's requirement of defining intellectual property rights.",/kaggle/input/contract-understanding-atticus-dataset-cuad/CUAD_v1/full_contract_pdf/Part_I/IP/CerenceInc_20191002_8-K_EX-10.4_11827494_EX-10.4_Intellectual Property Agreement.pdf,6,Step 1: Initial search for relevant sections -> Step 2: Keyword verification -> Step 3: Deep analysis of evidence -> Step 4: Gap analysis -> Step 5: Cross-reference check -> Step 6: Final determination
